{
  "project_info": {
    "project_number": "159906018184",
    "firebase_url": "https://go4lunch-ee405.firebaseio.com",
    "project_id": "go4lunch-ee405",
    "storage_bucket": "go4lunch-ee405.appspot.com"
  },
  "client": [
    {
      "client_info": {
        "mobilesdk_app_id": "1:159906018184:android:88d00deaa4a77debf2803d",
        "android_client_info": {
          "package_name": "com.tizzone.go4lunch"
        }
      },
      "oauth_client": [
        {
          "client_id": "159906018184-m97gvefv3fmhossm5rolqrpd8us3iqvk.apps.googleusercontent.com",
          "client_type": 3
        }
      ],
      "api_key": [
        {
          "current_key": "AIzaSyBg9jE7YptGJpOrtyNmSxu1-MLkN1aS_aE"
        }
      ],
      "services": {
        "appinvite_service": {
          "other_platform_oauth_client": [
            {
              "client_id": "159906018184-m97gvefv3fmhossm5rolqrpd8us3iqvk.apps.googleusercontent.com",
              "client_type": 3
            }
          ]
        }
      }
    }
  ],
  "configuration_version": "1"
}